attachment,duration_hours,triggered,rl_prob
0.005,22.0,1.0,0.3055555555555556
0.01,21.0,1.0,0.2916666666666667
0.02,16.0,1.0,0.2222222222222222
0.03,13.0,1.0,0.18055555555555555
0.05,9.0,1.0,0.125
0.075,2.0,1.0,0.027777777777777776
0.1,0.0,0.0,0.0
0.15,0.0,0.0,0.0
0.2,0.0,0.0,0.0
0.3,0.0,0.0,0.0
0.4,0.0,0.0,0.0
0.5,0.0,0.0,0.0
